[
    {
        "id": "1",
        "image": "movie-01.jpg",
        "name": "PendingTrain8点23分明天和你",
        "score": "4.5",
        "rate": "更新至08集",
        "tag": ["最新", "1080P", "2023", "偶像", "爱情"],
        "info": {
            "auth": "晓文",
            "roles": ["金东旭", "秦基周", "徐智慧", "李知贤", "郑嘉熙"],
            "blurb": "开往市中心的一节电车突然驶向未来世界，偶然乘坐同一辆电车的互不相识的乘客们突然被卷入前所未闻的事件中，在信号不通而且没有水和食物的极限状况下努力生活，想要回到原来的世界。山田裕贵饰演男主角人气发型师萱岛直哉。赤楚卫二饰演的是与主人公同乘一辆电车的白浜优斗，是一名正直热血、有男子气概的年轻消防员。"
        },
        "lines": {
            "0": {
                "1": "movie-01.mp4",
                "2": "movie-01.mp4",
                "3": "movie-01.mp4",
                "4": "movie-01.mp4"
            },
            "1": {
                "1": "movie-01.mp4",
                "2": "movie-01.mp4",
                "3": "movie-01.mp4",
                "4": "movie-01.mp4",
                "5": "movie-01.mp4",
                "6": "movie-01.mp4",
                "7": "movie-01.mp4",
                "8": "movie-01.mp4",
                "9": "movie-01.mp4",
                "10": "movie-01.mp4"
            },
            "2": { "1": "movie-01.mp4", "2": "movie-01.mp4", "3": "movie-01.mp4" },
            "3": {
                "1": "movie-01.mp4",
                "2": "movie-01.mp4",
                "3": "movie-01.mp4",
                "4": "movie-01.mp4",
                "5": "movie-01.mp4",
                "6": "movie-01.mp4",
                "7": "movie-01.mp4"
            }
        }
    },
    {
        "id": "2",
        "image": "movie-02.jpg",
        "name": "热辣奇多的诞生",
        "score": "1.2",
        "rate": "热播",
        "tag": ["最热", "HD", "2023", "偶像", "爱情"],
        "info": {
            "auth": "新海诚",
            "roles": ["神木隆之介", "秦基周", "伊藤沙莉", "李知贤", "郑嘉熙"],
            "blurb": "故事讲述生活在日本九州田舍的17岁少女・铃芽遇见了为了寻找“门”而踏上旅途的青年。追随着青年的脚步，铃芽来到了山上一片废墟之地，在这里静静伫立着一扇古老的门，仿佛是坍塌中存留的唯一遗迹。铃芽仿佛被什么吸引了一般，将手伸向了那扇门"
        },
        "lines": {
            "0": {
                "1": "movie-01.mp4",
                "2": "movie-01.mp4",
                "3": "movie-01.mp4",
                "4": "movie-01.mp4"
            },
            "1": {
                "1": "movie-01.mp4",
                "2": "movie-01.mp4",
                "3": "movie-01.mp4",
                "4": "movie-01.mp4",
                "5": "movie-01.mp4",
                "6": "movie-01.mp4",
                "7": "movie-01.mp4",
                "8": "movie-01.mp4",
                "9": "movie-01.mp4",
                "10": "movie-01.mp4"
            },
            "2": { "1": "movie-01.mp4", "2": "movie-01.mp4", "3": "movie-01.mp4" },
            "3": {
                "1": "movie-01.mp4",
                "2": "movie-01.mp4",
                "3": "movie-01.mp4",
                "4": "movie-01.mp4",
                "5": "movie-01.mp4",
                "6": "movie-01.mp4",
                "7": "movie-01.mp4"
            }
        }
    },
    {
        "id": "3",
        "image": "movie-01.jpg",
        "name": "PendingTrain8点23分明天和你",
        "score": "4.5",
        "rate": "更新至08集",
        "tag": ["最新", "1080P", "2023", "偶像", "爱情"],
        "info": {
            "auth": "晓文",
            "roles": ["金东旭", "秦基周", "徐智慧", "李知贤", "郑嘉熙"],
            "blurb": "开往市中心的一节电车突然驶向未来世界，偶然乘坐同一辆电车的互不相识的乘客们突然被卷入前所未闻的事件中，在信号不通而且没有水和食物的极限状况下努力生活，想要回到原来的世界。山田裕贵饰演男主角人气发型师萱岛直哉。赤楚卫二饰演的是与主人公同乘一辆电车的白浜优斗，是一名正直热血、有男子气概的年轻消防员。"
        },
        "lines": {
            "0": {
                "1": "movie-01.mp4",
                "2": "movie-01.mp4",
                "3": "movie-01.mp4",
                "4": "movie-01.mp4"
            },
            "1": {
                "1": "movie-01.mp4",
                "2": "movie-01.mp4",
                "3": "movie-01.mp4",
                "4": "movie-01.mp4",
                "5": "movie-01.mp4",
                "6": "movie-01.mp4",
                "7": "movie-01.mp4",
                "8": "movie-01.mp4",
                "9": "movie-01.mp4",
                "10": "movie-01.mp4"
            },
            "2": { "1": "movie-01.mp4", "2": "movie-01.mp4", "3": "movie-01.mp4" },
            "3": {
                "1": "movie-01.mp4",
                "2": "movie-01.mp4",
                "3": "movie-01.mp4",
                "4": "movie-01.mp4",
                "5": "movie-01.mp4",
                "6": "movie-01.mp4",
                "7": "movie-01.mp4"
            }
        }
    },
    {
        "id": "4",
        "image": "movie-02.jpg",
        "name": "热辣奇多的诞生",
        "score": "1.2",
        "rate": "更新至08集",
        "tag": ["最新", "1080P", "2023", "偶像", "爱情"],
        "info": {
            "auth": "晓文",
            "roles": ["金东旭", "秦基周", "徐智慧", "李知贤", "郑嘉熙"],
            "blurb": "开往市中心的一节电车突然驶向未来世界，偶然乘坐同一辆电车的互不相识的乘客们突然被卷入前所未闻的事件中，在信号不通而且没有水和食物的极限状况下努力生活，想要回到原来的世界。山田裕贵饰演男主角人气发型师萱岛直哉。赤楚卫二饰演的是与主人公同乘一辆电车的白浜优斗，是一名正直热血、有男子气概的年轻消防员。"
        },
        "lines": {
            "0": {
                "1": "movie-01.mp4",
                "2": "movie-01.mp4",
                "3": "movie-01.mp4",
                "4": "movie-01.mp4"
            },
            "1": {
                "1": "movie-01.mp4",
                "2": "movie-01.mp4",
                "3": "movie-01.mp4",
                "4": "movie-01.mp4",
                "5": "movie-01.mp4",
                "6": "movie-01.mp4",
                "7": "movie-01.mp4",
                "8": "movie-01.mp4",
                "9": "movie-01.mp4",
                "10": "movie-01.mp4"
            },
            "2": { "1": "movie-01.mp4", "2": "movie-01.mp4", "3": "movie-01.mp4" },
            "3": {
                "1": "movie-01.mp4",
                "2": "movie-01.mp4",
                "3": "movie-01.mp4",
                "4": "movie-01.mp4",
                "5": "movie-01.mp4",
                "6": "movie-01.mp4",
                "7": "movie-01.mp4"
            }
        }
    },
    {
        "id": "5",
        "image": "movie-01.jpg",
        "name": "PendingTrain8点23分明天和你",
        "score": "4.5",
        "rate": "更新至08集",
        "tag": ["最新", "1080P", "2023", "偶像", "爱情"],
        "info": {
            "auth": "晓文",
            "roles": ["金东旭", "秦基周", "徐智慧", "李知贤", "郑嘉熙"],
            "blurb": "开往市中心的一节电车突然驶向未来世界，偶然乘坐同一辆电车的互不相识的乘客们突然被卷入前所未闻的事件中，在信号不通而且没有水和食物的极限状况下努力生活，想要回到原来的世界。山田裕贵饰演男主角人气发型师萱岛直哉。赤楚卫二饰演的是与主人公同乘一辆电车的白浜优斗，是一名正直热血、有男子气概的年轻消防员。"
        },
        "lines": {
            "0": {
                "1": "movie-01.mp4",
                "2": "movie-01.mp4",
                "3": "movie-01.mp4",
                "4": "movie-01.mp4"
            },
            "1": {
                "1": "movie-01.mp4",
                "2": "movie-01.mp4",
                "3": "movie-01.mp4",
                "4": "movie-01.mp4",
                "5": "movie-01.mp4",
                "6": "movie-01.mp4",
                "7": "movie-01.mp4",
                "8": "movie-01.mp4",
                "9": "movie-01.mp4",
                "10": "movie-01.mp4"
            },
            "2": { "1": "movie-01.mp4", "2": "movie-01.mp4", "3": "movie-01.mp4" },
            "3": {
                "1": "movie-01.mp4",
                "2": "movie-01.mp4",
                "3": "movie-01.mp4",
                "4": "movie-01.mp4",
                "5": "movie-01.mp4",
                "6": "movie-01.mp4",
                "7": "movie-01.mp4"
            }
        }
    },
    {
        "id": "6",
        "image": "movie-02.jpg",
        "name": "热辣奇多的诞生",
        "score": "1.2",
        "rate": "更新至08集",
        "tag": ["最新", "1080P", "2023", "偶像", "爱情"],
        "info": {
            "auth": "晓文",
            "roles": ["金东旭", "秦基周", "徐智慧", "李知贤", "郑嘉熙"],
            "blurb": "开往市中心的一节电车突然驶向未来世界，偶然乘坐同一辆电车的互不相识的乘客们突然被卷入前所未闻的事件中，在信号不通而且没有水和食物的极限状况下努力生活，想要回到原来的世界。山田裕贵饰演男主角人气发型师萱岛直哉。赤楚卫二饰演的是与主人公同乘一辆电车的白浜优斗，是一名正直热血、有男子气概的年轻消防员。"
        },
        "lines": {
            "0": {
                "1": "movie-01.mp4",
                "2": "movie-01.mp4",
                "3": "movie-01.mp4",
                "4": "movie-01.mp4"
            },
            "1": {
                "1": "movie-01.mp4",
                "2": "movie-01.mp4",
                "3": "movie-01.mp4",
                "4": "movie-01.mp4",
                "5": "movie-01.mp4",
                "6": "movie-01.mp4",
                "7": "movie-01.mp4",
                "8": "movie-01.mp4",
                "9": "movie-01.mp4",
                "10": "movie-01.mp4"
            },
            "2": { "1": "movie-01.mp4", "2": "movie-01.mp4", "3": "movie-01.mp4" },
            "3": {
                "1": "movie-01.mp4",
                "2": "movie-01.mp4",
                "3": "movie-01.mp4",
                "4": "movie-01.mp4",
                "5": "movie-01.mp4",
                "6": "movie-01.mp4",
                "7": "movie-01.mp4"
            }
        }
    },
    {
        "id": "7",
        "image": "movie-01.jpg",
        "name": "PendingTrain8点23分明天和你",
        "score": "4.5",
        "rate": "更新至08集",
        "tag": ["最新", "1080P", "2023", "偶像", "爱情"],
        "info": {
            "auth": "晓文",
            "roles": ["金东旭", "秦基周", "徐智慧", "李知贤", "郑嘉熙"],
            "blurb": "开往市中心的一节电车突然驶向未来世界，偶然乘坐同一辆电车的互不相识的乘客们突然被卷入前所未闻的事件中，在信号不通而且没有水和食物的极限状况下努力生活，想要回到原来的世界。山田裕贵饰演男主角人气发型师萱岛直哉。赤楚卫二饰演的是与主人公同乘一辆电车的白浜优斗，是一名正直热血、有男子气概的年轻消防员。"
        },
        "lines": {
            "0": {
                "1": "movie-01.mp4",
                "2": "movie-01.mp4",
                "3": "movie-01.mp4",
                "4": "movie-01.mp4"
            },
            "1": {
                "1": "movie-01.mp4",
                "2": "movie-01.mp4",
                "3": "movie-01.mp4",
                "4": "movie-01.mp4",
                "5": "movie-01.mp4",
                "6": "movie-01.mp4",
                "7": "movie-01.mp4",
                "8": "movie-01.mp4",
                "9": "movie-01.mp4",
                "10": "movie-01.mp4"
            },
            "2": { "1": "movie-01.mp4", "2": "movie-01.mp4", "3": "movie-01.mp4" },
            "3": {
                "1": "movie-01.mp4",
                "2": "movie-01.mp4",
                "3": "movie-01.mp4",
                "4": "movie-01.mp4",
                "5": "movie-01.mp4",
                "6": "movie-01.mp4",
                "7": "movie-01.mp4"
            }
        }
    },
    {
        "id": "8",
        "image": "movie-02.jpg",
        "name": "热辣奇多的诞生",
        "score": "1.2",
        "rate": "更新至08集",
        "tag": ["最新", "1080P", "2023", "偶像", "爱情"],
        "info": {
            "auth": "晓文",
            "roles": ["金东旭", "秦基周", "徐智慧", "李知贤", "郑嘉熙"],
            "blurb": "开往市中心的一节电车突然驶向未来世界，偶然乘坐同一辆电车的互不相识的乘客们突然被卷入前所未闻的事件中，在信号不通而且没有水和食物的极限状况下努力生活，想要回到原来的世界。山田裕贵饰演男主角人气发型师萱岛直哉。赤楚卫二饰演的是与主人公同乘一辆电车的白浜优斗，是一名正直热血、有男子气概的年轻消防员。"
        },
        "lines": {
            "0": {
                "1": "movie-01.mp4",
                "2": "movie-01.mp4",
                "3": "movie-01.mp4",
                "4": "movie-01.mp4"
            },
            "1": {
                "1": "movie-01.mp4",
                "2": "movie-01.mp4",
                "3": "movie-01.mp4",
                "4": "movie-01.mp4",
                "5": "movie-01.mp4",
                "6": "movie-01.mp4",
                "7": "movie-01.mp4",
                "8": "movie-01.mp4",
                "9": "movie-01.mp4",
                "10": "movie-01.mp4"
            },
            "2": { "1": "movie-01.mp4", "2": "movie-01.mp4", "3": "movie-01.mp4" },
            "3": {
                "1": "movie-01.mp4",
                "2": "movie-01.mp4",
                "3": "movie-01.mp4",
                "4": "movie-01.mp4",
                "5": "movie-01.mp4",
                "6": "movie-01.mp4",
                "7": "movie-01.mp4"
            }
        }
    },
    {
        "id": "9",
        "image": "movie-01.jpg",
        "name": "PendingTrain8点23分明天和你",
        "score": "4.5",
        "rate": "更新至08集",
        "tag": ["最新", "1080P", "2023", "偶像", "爱情"],
        "info": {
            "auth": "晓文",
            "roles": ["金东旭", "秦基周", "徐智慧", "李知贤", "郑嘉熙"],
            "blurb": "开往市中心的一节电车突然驶向未来世界，偶然乘坐同一辆电车的互不相识的乘客们突然被卷入前所未闻的事件中，在信号不通而且没有水和食物的极限状况下努力生活，想要回到原来的世界。山田裕贵饰演男主角人气发型师萱岛直哉。赤楚卫二饰演的是与主人公同乘一辆电车的白浜优斗，是一名正直热血、有男子气概的年轻消防员。"
        },
        "lines": {
            "0": {
                "1": "movie-01.mp4",
                "2": "movie-01.mp4",
                "3": "movie-01.mp4",
                "4": "movie-01.mp4"
            },
            "1": {
                "1": "movie-01.mp4",
                "2": "movie-01.mp4",
                "3": "movie-01.mp4",
                "4": "movie-01.mp4",
                "5": "movie-01.mp4",
                "6": "movie-01.mp4",
                "7": "movie-01.mp4",
                "8": "movie-01.mp4",
                "9": "movie-01.mp4",
                "10": "movie-01.mp4"
            },
            "2": { "1": "movie-01.mp4", "2": "movie-01.mp4", "3": "movie-01.mp4" },
            "3": {
                "1": "movie-01.mp4",
                "2": "movie-01.mp4",
                "3": "movie-01.mp4",
                "4": "movie-01.mp4",
                "5": "movie-01.mp4",
                "6": "movie-01.mp4",
                "7": "movie-01.mp4"
            }
        }
    },
    {
        "id": "10",
        "image": "movie-02.jpg",
        "name": "热辣奇多的诞生",
        "score": "1.2",
        "rate": "更新至08集",
        "tag": ["最新", "1080P", "2023", "偶像", "爱情"],
        "info": {
            "auth": "晓文",
            "roles": ["金东旭", "秦基周", "徐智慧", "李知贤", "郑嘉熙"],
            "blurb": "开往市中心的一节电车突然驶向未来世界，偶然乘坐同一辆电车的互不相识的乘客们突然被卷入前所未闻的事件中，在信号不通而且没有水和食物的极限状况下努力生活，想要回到原来的世界。山田裕贵饰演男主角人气发型师萱岛直哉。赤楚卫二饰演的是与主人公同乘一辆电车的白浜优斗，是一名正直热血、有男子气概的年轻消防员。"
        },
        "lines": {
            "0": {
                "1": "movie-01.mp4",
                "2": "movie-01.mp4",
                "3": "movie-01.mp4",
                "4": "movie-01.mp4"
            },
            "1": {
                "1": "movie-01.mp4",
                "2": "movie-01.mp4",
                "3": "movie-01.mp4",
                "4": "movie-01.mp4",
                "5": "movie-01.mp4",
                "6": "movie-01.mp4",
                "7": "movie-01.mp4",
                "8": "movie-01.mp4",
                "9": "movie-01.mp4",
                "10": "movie-01.mp4"
            },
            "2": { "1": "movie-01.mp4", "2": "movie-01.mp4", "3": "movie-01.mp4" },
            "3": {
                "1": "movie-01.mp4",
                "2": "movie-01.mp4",
                "3": "movie-01.mp4",
                "4": "movie-01.mp4",
                "5": "movie-01.mp4",
                "6": "movie-01.mp4",
                "7": "movie-01.mp4"
            }
        }
    },
    {
        "id": "11",
        "image": "movie-01.jpg",
        "name": "PendingTrain8点23分明天和你",
        "score": "4.5",
        "rate": "更新至08集",
        "tag": ["最新", "1080P", "2023", "偶像", "爱情"],
        "info": {
            "auth": "晓文",
            "roles": ["金东旭", "秦基周", "徐智慧", "李知贤", "郑嘉熙"],
            "blurb": "开往市中心的一节电车突然驶向未来世界，偶然乘坐同一辆电车的互不相识的乘客们突然被卷入前所未闻的事件中，在信号不通而且没有水和食物的极限状况下努力生活，想要回到原来的世界。山田裕贵饰演男主角人气发型师萱岛直哉。赤楚卫二饰演的是与主人公同乘一辆电车的白浜优斗，是一名正直热血、有男子气概的年轻消防员。"
        },
        "lines": {
            "0": {
                "1": "movie-01.mp4",
                "2": "movie-01.mp4",
                "3": "movie-01.mp4",
                "4": "movie-01.mp4"
            },
            "1": {
                "1": "movie-01.mp4",
                "2": "movie-01.mp4",
                "3": "movie-01.mp4",
                "4": "movie-01.mp4",
                "5": "movie-01.mp4",
                "6": "movie-01.mp4",
                "7": "movie-01.mp4",
                "8": "movie-01.mp4",
                "9": "movie-01.mp4",
                "10": "movie-01.mp4"
            },
            "2": { "1": "movie-01.mp4", "2": "movie-01.mp4", "3": "movie-01.mp4" },
            "3": {
                "1": "movie-01.mp4",
                "2": "movie-01.mp4",
                "3": "movie-01.mp4",
                "4": "movie-01.mp4",
                "5": "movie-01.mp4",
                "6": "movie-01.mp4",
                "7": "movie-01.mp4"
            }
        }
    },
    {
        "id": "12",
        "image": "movie-02.jpg",
        "name": "热辣奇多的诞生",
        "score": "1.2",
        "rate": "更新至08集",
        "tag": ["最新", "1080P", "2023", "偶像", "爱情"],
        "info": {
            "auth": "晓文",
            "roles": ["金东旭", "秦基周", "徐智慧", "李知贤", "郑嘉熙"],
            "blurb": "开往市中心的一节电车突然驶向未来世界，偶然乘坐同一辆电车的互不相识的乘客们突然被卷入前所未闻的事件中，在信号不通而且没有水和食物的极限状况下努力生活，想要回到原来的世界。山田裕贵饰演男主角人气发型师萱岛直哉。赤楚卫二饰演的是与主人公同乘一辆电车的白浜优斗，是一名正直热血、有男子气概的年轻消防员。"
        },
        "lines": {
            "0": {
                "1": "movie-01.mp4",
                "2": "movie-01.mp4",
                "3": "movie-01.mp4",
                "4": "movie-01.mp4"
            },
            "1": {
                "1": "movie-01.mp4",
                "2": "movie-01.mp4",
                "3": "movie-01.mp4",
                "4": "movie-01.mp4",
                "5": "movie-01.mp4",
                "6": "movie-01.mp4",
                "7": "movie-01.mp4",
                "8": "movie-01.mp4",
                "9": "movie-01.mp4",
                "10": "movie-01.mp4"
            },
            "2": { "1": "movie-01.mp4", "2": "movie-01.mp4", "3": "movie-01.mp4" },
            "3": {
                "1": "movie-01.mp4",
                "2": "movie-01.mp4",
                "3": "movie-01.mp4",
                "4": "movie-01.mp4",
                "5": "movie-01.mp4",
                "6": "movie-01.mp4",
                "7": "movie-01.mp4"
            }
        }
    },
    {
        "id": "13",
        "image": "movie-02.jpg",
        "name": "热辣奇多的诞生",
        "score": "1.2",
        "rate": "更新至08集",
        "tag": ["最新", "1080P", "2023", "偶像", "爱情"],
        "info": {
            "auth": "晓文",
            "roles": ["金东旭", "秦基周", "徐智慧", "李知贤", "郑嘉熙"],
            "blurb": "开往市中心的一节电车突然驶向未来世界，偶然乘坐同一辆电车的互不相识的乘客们突然被卷入前所未闻的事件中，在信号不通而且没有水和食物的极限状况下努力生活，想要回到原来的世界。山田裕贵饰演男主角人气发型师萱岛直哉。赤楚卫二饰演的是与主人公同乘一辆电车的白浜优斗，是一名正直热血、有男子气概的年轻消防员。"
        },
        "lines": {
            "0": {
                "1": "movie-01.mp4",
                "2": "movie-01.mp4",
                "3": "movie-01.mp4",
                "4": "movie-01.mp4"
            },
            "1": {
                "1": "movie-01.mp4",
                "2": "movie-01.mp4",
                "3": "movie-01.mp4",
                "4": "movie-01.mp4",
                "5": "movie-01.mp4",
                "6": "movie-01.mp4",
                "7": "movie-01.mp4",
                "8": "movie-01.mp4",
                "9": "movie-01.mp4",
                "10": "movie-01.mp4"
            },
            "2": { "1": "movie-01.mp4", "2": "movie-01.mp4", "3": "movie-01.mp4" },
            "3": {
                "1": "movie-01.mp4",
                "2": "movie-01.mp4",
                "3": "movie-01.mp4",
                "4": "movie-01.mp4",
                "5": "movie-01.mp4",
                "6": "movie-01.mp4",
                "7": "movie-01.mp4"
            }
        }
    },
    {
        "id": "14",
        "image": "movie-01.jpg",
        "name": "PendingTrain8点23分明天和你",
        "score": "4.5",
        "rate": "更新至08集",
        "tag": ["最新", "1080P", "2023", "偶像", "爱情"],
        "info": {
            "auth": "晓文",
            "roles": ["金东旭", "秦基周", "徐智慧", "李知贤", "郑嘉熙"],
            "blurb": "开往市中心的一节电车突然驶向未来世界，偶然乘坐同一辆电车的互不相识的乘客们突然被卷入前所未闻的事件中，在信号不通而且没有水和食物的极限状况下努力生活，想要回到原来的世界。山田裕贵饰演男主角人气发型师萱岛直哉。赤楚卫二饰演的是与主人公同乘一辆电车的白浜优斗，是一名正直热血、有男子气概的年轻消防员。"
        },
        "lines": {
            "0": {
                "1": "movie-01.mp4",
                "2": "movie-01.mp4",
                "3": "movie-01.mp4",
                "4": "movie-01.mp4"
            },
            "1": {
                "1": "movie-01.mp4",
                "2": "movie-01.mp4",
                "3": "movie-01.mp4",
                "4": "movie-01.mp4",
                "5": "movie-01.mp4",
                "6": "movie-01.mp4",
                "7": "movie-01.mp4",
                "8": "movie-01.mp4",
                "9": "movie-01.mp4",
                "10": "movie-01.mp4"
            },
            "2": { "1": "movie-01.mp4", "2": "movie-01.mp4", "3": "movie-01.mp4" },
            "3": {
                "1": "movie-01.mp4",
                "2": "movie-01.mp4",
                "3": "movie-01.mp4",
                "4": "movie-01.mp4",
                "5": "movie-01.mp4",
                "6": "movie-01.mp4",
                "7": "movie-01.mp4"
            }
        }
    },
    {
        "id": "15",
        "image": "movie-02.jpg",
        "name": "热辣奇多的诞生",
        "score": "1.2",
        "rate": "更新至08集",
        "tag": ["最新", "1080P", "2023", "偶像", "爱情"],
        "info": {
            "auth": "晓文",
            "roles": ["金东旭", "秦基周", "徐智慧", "李知贤", "郑嘉熙"],
            "blurb": "开往市中心的一节电车突然驶向未来世界，偶然乘坐同一辆电车的互不相识的乘客们突然被卷入前所未闻的事件中，在信号不通而且没有水和食物的极限状况下努力生活，想要回到原来的世界。山田裕贵饰演男主角人气发型师萱岛直哉。赤楚卫二饰演的是与主人公同乘一辆电车的白浜优斗，是一名正直热血、有男子气概的年轻消防员。"
        },
        "lines": {
            "0": {
                "1": "movie-01.mp4",
                "2": "movie-01.mp4",
                "3": "movie-01.mp4",
                "4": "movie-01.mp4"
            },
            "1": {
                "1": "movie-01.mp4",
                "2": "movie-01.mp4",
                "3": "movie-01.mp4",
                "4": "movie-01.mp4",
                "5": "movie-01.mp4",
                "6": "movie-01.mp4",
                "7": "movie-01.mp4",
                "8": "movie-01.mp4",
                "9": "movie-01.mp4",
                "10": "movie-01.mp4"
            },
            "2": { "1": "movie-01.mp4", "2": "movie-01.mp4", "3": "movie-01.mp4" },
            "3": {
                "1": "movie-01.mp4",
                "2": "movie-01.mp4",
                "3": "movie-01.mp4",
                "4": "movie-01.mp4",
                "5": "movie-01.mp4",
                "6": "movie-01.mp4",
                "7": "movie-01.mp4"
            }
        }
    },
    {
        "id": "16",
        "image": "movie-01.jpg",
        "name": "PendingTrain8点23分明天和你",
        "score": "4.5",
        "rate": "更新至08集",
        "tag": ["最新", "1080P", "2023", "偶像", "爱情"],
        "info": {
            "auth": "晓文",
            "roles": ["金东旭", "秦基周", "徐智慧", "李知贤", "郑嘉熙"],
            "blurb": "开往市中心的一节电车突然驶向未来世界，偶然乘坐同一辆电车的互不相识的乘客们突然被卷入前所未闻的事件中，在信号不通而且没有水和食物的极限状况下努力生活，想要回到原来的世界。山田裕贵饰演男主角人气发型师萱岛直哉。赤楚卫二饰演的是与主人公同乘一辆电车的白浜优斗，是一名正直热血、有男子气概的年轻消防员。"
        },
        "lines": {
            "0": {
                "1": "movie-01.mp4",
                "2": "movie-01.mp4",
                "3": "movie-01.mp4",
                "4": "movie-01.mp4"
            },
            "1": {
                "1": "movie-01.mp4",
                "2": "movie-01.mp4",
                "3": "movie-01.mp4",
                "4": "movie-01.mp4",
                "5": "movie-01.mp4",
                "6": "movie-01.mp4",
                "7": "movie-01.mp4",
                "8": "movie-01.mp4",
                "9": "movie-01.mp4",
                "10": "movie-01.mp4"
            },
            "2": { "1": "movie-01.mp4", "2": "movie-01.mp4", "3": "movie-01.mp4" },
            "3": {
                "1": "movie-01.mp4",
                "2": "movie-01.mp4",
                "3": "movie-01.mp4",
                "4": "movie-01.mp4",
                "5": "movie-01.mp4",
                "6": "movie-01.mp4",
                "7": "movie-01.mp4"
            }
        }
    },
    {
        "id": "17",
        "image": "movie-02.jpg",
        "name": "热辣奇多的诞生",
        "score": "1.2",
        "rate": "更新至08集",
        "tag": ["最新", "1080P", "2023", "偶像", "爱情"],
        "info": {
            "auth": "晓文",
            "roles": ["金东旭", "秦基周", "徐智慧", "李知贤", "郑嘉熙"],
            "blurb": "开往市中心的一节电车突然驶向未来世界，偶然乘坐同一辆电车的互不相识的乘客们突然被卷入前所未闻的事件中，在信号不通而且没有水和食物的极限状况下努力生活，想要回到原来的世界。山田裕贵饰演男主角人气发型师萱岛直哉。赤楚卫二饰演的是与主人公同乘一辆电车的白浜优斗，是一名正直热血、有男子气概的年轻消防员。"
        },
        "lines": {
            "0": {
                "1": "movie-01.mp4",
                "2": "movie-01.mp4",
                "3": "movie-01.mp4",
                "4": "movie-01.mp4"
            },
            "1": {
                "1": "movie-01.mp4",
                "2": "movie-01.mp4",
                "3": "movie-01.mp4",
                "4": "movie-01.mp4",
                "5": "movie-01.mp4",
                "6": "movie-01.mp4",
                "7": "movie-01.mp4",
                "8": "movie-01.mp4",
                "9": "movie-01.mp4",
                "10": "movie-01.mp4"
            },
            "2": { "1": "movie-01.mp4", "2": "movie-01.mp4", "3": "movie-01.mp4" },
            "3": {
                "1": "movie-01.mp4",
                "2": "movie-01.mp4",
                "3": "movie-01.mp4",
                "4": "movie-01.mp4",
                "5": "movie-01.mp4",
                "6": "movie-01.mp4",
                "7": "movie-01.mp4"
            }
        }
    },
    {
        "id": "18",
        "image": "movie-01.jpg",
        "name": "热辣奇多的诞生",
        "score": "1.2",
        "rate": "更新至08集",
        "tag": ["最新", "1080P", "2023", "偶像", "爱情"],
        "info": {
            "auth": "晓文",
            "roles": ["金东旭", "秦基周", "徐智慧", "李知贤", "郑嘉熙"],
            "blurb": "开往市中心的一节电车突然驶向未来世界，偶然乘坐同一辆电车的互不相识的乘客们突然被卷入前所未闻的事件中，在信号不通而且没有水和食物的极限状况下努力生活，想要回到原来的世界。山田裕贵饰演男主角人气发型师萱岛直哉。赤楚卫二饰演的是与主人公同乘一辆电车的白浜优斗，是一名正直热血、有男子气概的年轻消防员。"
        },
        "lines": {
            "0": {
                "1": "movie-01.mp4",
                "2": "movie-01.mp4",
                "3": "movie-01.mp4",
                "4": "movie-01.mp4"
            },
            "1": {
                "1": "movie-01.mp4",
                "2": "movie-01.mp4",
                "3": "movie-01.mp4",
                "4": "movie-01.mp4",
                "5": "movie-01.mp4",
                "6": "movie-01.mp4",
                "7": "movie-01.mp4",
                "8": "movie-01.mp4",
                "9": "movie-01.mp4",
                "10": "movie-01.mp4"
            },
            "2": { "1": "movie-01.mp4", "2": "movie-01.mp4", "3": "movie-01.mp4" },
            "3": {
                "1": "movie-01.mp4",
                "2": "movie-01.mp4",
                "3": "movie-01.mp4",
                "4": "movie-01.mp4",
                "5": "movie-01.mp4",
                "6": "movie-01.mp4",
                "7": "movie-01.mp4"
            }
        }
    },
    {
        "id": "19",
        "image": "movie-02.jpg",
        "name": "热辣奇多的诞生",
        "score": "1.2",
        "rate": "更新至08集",
        "tag": ["最新", "1080P", "2023", "偶像", "爱情"],
        "info": {
            "auth": "晓文",
            "roles": ["金东旭", "秦基周", "徐智慧", "李知贤", "郑嘉熙"],
            "blurb": "开往市中心的一节电车突然驶向未来世界，偶然乘坐同一辆电车的互不相识的乘客们突然被卷入前所未闻的事件中，在信号不通而且没有水和食物的极限状况下努力生活，想要回到原来的世界。山田裕贵饰演男主角人气发型师萱岛直哉。赤楚卫二饰演的是与主人公同乘一辆电车的白浜优斗，是一名正直热血、有男子气概的年轻消防员。"
        },
        "lines": {
            "0": {
                "1": "movie-01.mp4",
                "2": "movie-01.mp4",
                "3": "movie-01.mp4",
                "4": "movie-01.mp4"
            },
            "1": {
                "1": "movie-01.mp4",
                "2": "movie-01.mp4",
                "3": "movie-01.mp4",
                "4": "movie-01.mp4",
                "5": "movie-01.mp4",
                "6": "movie-01.mp4",
                "7": "movie-01.mp4",
                "8": "movie-01.mp4",
                "9": "movie-01.mp4",
                "10": "movie-01.mp4"
            },
            "2": { "1": "movie-01.mp4", "2": "movie-01.mp4", "3": "movie-01.mp4" },
            "3": {
                "1": "movie-01.mp4",
                "2": "movie-01.mp4",
                "3": "movie-01.mp4",
                "4": "movie-01.mp4",
                "5": "movie-01.mp4",
                "6": "movie-01.mp4",
                "7": "movie-01.mp4"
            }
        }
    },
    {
        "id": "20",
        "image": "movie-01.jpg",
        "name": "热辣奇多的诞生",
        "score": "1.2",
        "rate": "更新至08集",
        "tag": ["最新", "1080P", "2023", "偶像", "爱情"],
        "info": {
            "auth": "晓文",
            "roles": ["金东旭", "秦基周", "徐智慧", "李知贤", "郑嘉熙"],
            "blurb": "开往市中心的一节电车突然驶向未来世界，偶然乘坐同一辆电车的互不相识的乘客们突然被卷入前所未闻的事件中，在信号不通而且没有水和食物的极限状况下努力生活，想要回到原来的世界。山田裕贵饰演男主角人气发型师萱岛直哉。赤楚卫二饰演的是与主人公同乘一辆电车的白浜优斗，是一名正直热血、有男子气概的年轻消防员。"
        },
        "lines": {
            "0": {
                "1": "movie-01.mp4",
                "2": "movie-01.mp4",
                "3": "movie-01.mp4",
                "4": "movie-01.mp4"
            },
            "1": {
                "1": "movie-01.mp4",
                "2": "movie-01.mp4",
                "3": "movie-01.mp4",
                "4": "movie-01.mp4",
                "5": "movie-01.mp4",
                "6": "movie-01.mp4",
                "7": "movie-01.mp4",
                "8": "movie-01.mp4",
                "9": "movie-01.mp4",
                "10": "movie-01.mp4"
            },
            "2": { "1": "movie-01.mp4", "2": "movie-01.mp4", "3": "movie-01.mp4" },
            "3": {
                "1": "movie-01.mp4",
                "2": "movie-01.mp4",
                "3": "movie-01.mp4",
                "4": "movie-01.mp4",
                "5": "movie-01.mp4",
                "6": "movie-01.mp4",
                "7": "movie-01.mp4"
            }
        }
    },
    {
        "id": "21",
        "lateral": true,
        "image": "lateral-01.jpg",
        "name": "通往夏天的隧道离别的出口",
        "score": "4.5",
        "rate": "更新至08集",
        "tag": ["最新", "1080P", "2023", "偶像", "爱情"],
        "info": {
            "auth": "晓文",
            "roles": ["金东旭", "秦基周", "徐智慧", "李知贤", "郑嘉熙"],
            "blurb": "轻小说#通往夏天的隧道、离别的出口#剧场版动画化决定！本作曾获得「这本轻小说真厉害」2020年度文库部门第9名。"
        },
        "lines": {
            "0": {
                "1": "movie-01.mp4",
                "2": "movie-01.mp4",
                "3": "movie-01.mp4",
                "4": "movie-01.mp4"
            },
            "1": {
                "1": "movie-01.mp4",
                "2": "movie-01.mp4",
                "3": "movie-01.mp4",
                "4": "movie-01.mp4",
                "5": "movie-01.mp4",
                "6": "movie-01.mp4",
                "7": "movie-01.mp4",
                "8": "movie-01.mp4",
                "9": "movie-01.mp4",
                "10": "movie-01.mp4"
            },
            "2": { "1": "movie-01.mp4", "2": "movie-01.mp4", "3": "movie-01.mp4" },
            "3": {
                "1": "movie-01.mp4",
                "2": "movie-01.mp4",
                "3": "movie-01.mp4",
                "4": "movie-01.mp4",
                "5": "movie-01.mp4",
                "6": "movie-01.mp4",
                "7": "movie-01.mp4"
            }
        }
    },
    {
        "id": "22",
        "lateral": true,
        "image": "lateral-02.jpg",
        "name": "蜘蛛侠纵横宇宙",
        "score": "1.2",
        "rate": "热播",
        "tag": ["最热", "HD", "2023", "偶像", "爱情"],
        "info": {
            "auth": "新海诚",
            "roles": ["神木隆之介", "秦基周", "伊藤沙莉", "李知贤", "郑嘉熙"],
            "blurb": "影片讲述了新生代蜘蛛侠迈尔斯（沙梅克·摩尔ShameikMoore配音）携手蜘蛛格温（海莉·斯坦菲尔德HaileeSteinfeld配音），穿越多元宇宙踏上更宏大的冒险征程的故事。面临每个蜘蛛侠都会失去至亲的宿命，迈尔斯誓言打破命运魔咒，找到属于自己的英雄之路。而这个决定和蜘蛛侠2099（奥斯卡·伊萨克OscarIsaac配音）所领军的蜘蛛联盟产生了极大冲突，一场以一敌百的蜘蛛侠大内战即将拉响！"
        },
        "lines": {
            "0": {
                "1": "movie-01.mp4",
                "2": "movie-01.mp4",
                "3": "movie-01.mp4",
                "4": "movie-01.mp4"
            },
            "1": {
                "1": "movie-01.mp4",
                "2": "movie-01.mp4",
                "3": "movie-01.mp4",
                "4": "movie-01.mp4",
                "5": "movie-01.mp4",
                "6": "movie-01.mp4",
                "7": "movie-01.mp4",
                "8": "movie-01.mp4",
                "9": "movie-01.mp4",
                "10": "movie-01.mp4"
            },
            "2": { "1": "movie-01.mp4", "2": "movie-01.mp4", "3": "movie-01.mp4" },
            "3": {
                "1": "movie-01.mp4",
                "2": "movie-01.mp4",
                "3": "movie-01.mp4",
                "4": "movie-01.mp4",
                "5": "movie-01.mp4",
                "6": "movie-01.mp4",
                "7": "movie-01.mp4"
            }
        }
    },
    {
        "id": "23",
        "lateral": true,
        "image": "lateral-03.jpg",
        "name": "银河护卫队3",
        "score": "4.5",
        "rate": "更新至08集",
        "tag": ["最新", "1080P", "2023", "偶像", "爱情"],
        "info": {
            "auth": "晓文",
            "roles": ["金东旭", "秦基周", "徐智慧", "李知贤", "郑嘉熙"],
            "blurb": "《银河护卫队2》5月5日就将在全美上映，在被问及是否会继续创作《银河护卫队》时，导演詹姆斯·古恩肯定地说：“这是肯定的，我们一定会拍《银河护卫队3》。我现在正在思考这个问题，但是现在我必须想清楚故事要往哪个方向发展，这也决定着我未来三年的时间将会如何度过。"
        },
        "lines": {
            "0": {
                "1": "movie-01.mp4",
                "2": "movie-01.mp4",
                "3": "movie-01.mp4",
                "4": "movie-01.mp4"
            },
            "1": {
                "1": "movie-01.mp4",
                "2": "movie-01.mp4",
                "3": "movie-01.mp4",
                "4": "movie-01.mp4",
                "5": "movie-01.mp4",
                "6": "movie-01.mp4",
                "7": "movie-01.mp4",
                "8": "movie-01.mp4",
                "9": "movie-01.mp4",
                "10": "movie-01.mp4"
            },
            "2": { "1": "movie-01.mp4", "2": "movie-01.mp4", "3": "movie-01.mp4" },
            "3": {
                "1": "movie-01.mp4",
                "2": "movie-01.mp4",
                "3": "movie-01.mp4",
                "4": "movie-01.mp4",
                "5": "movie-01.mp4",
                "6": "movie-01.mp4",
                "7": "movie-01.mp4"
            }
        }
    },
    {
        "id": "24",
        "lateral": true,
        "image": "lateral-04.jpg",
        "name": "龙马精神2023",
        "score": "1.2",
        "rate": "1080P",
        "tag": ["最新", "2023", "偶像", "爱情"],
        "info": {
            "auth": "晓文",
            "roles": ["成龙", "郭麒麟", "吴京"],
            "blurb": "生活落魄的武行老罗（成龙饰）有一匹爱马“赤兔”，他一直想把它培养成片场的动作明星，不料却深陷官司，只能求助多年未见的女儿小宝（刘浩存饰）和她的律师男友乃华（郭麒麟饰）。小宝一边帮老罗打官司，一边劝说他不要带着赤兔玩命做危险动作，老罗不顾女儿反对继续偷偷训练赤兔，同时又对准女婿乃华展开了各种考验"
        },
        "lines": {
            "0": {
                "1": "movie-01.mp4",
                "2": "movie-01.mp4",
                "3": "movie-01.mp4",
                "4": "movie-01.mp4"
            },
            "1": {
                "1": "movie-01.mp4",
                "2": "movie-01.mp4",
                "3": "movie-01.mp4",
                "4": "movie-01.mp4",
                "5": "movie-01.mp4",
                "6": "movie-01.mp4",
                "7": "movie-01.mp4",
                "8": "movie-01.mp4",
                "9": "movie-01.mp4",
                "10": "movie-01.mp4"
            },
            "2": { "1": "movie-01.mp4", "2": "movie-01.mp4", "3": "movie-01.mp4" },
            "3": {
                "1": "movie-01.mp4",
                "2": "movie-01.mp4",
                "3": "movie-01.mp4",
                "4": "movie-01.mp4",
                "5": "movie-01.mp4",
                "6": "movie-01.mp4",
                "7": "movie-01.mp4"
            }
        }
    },
    {
        "id": "25",
        "lateral": true,
        "image": "lateral-03.jpg",
        "name": "PendingTrain8点23分明天和你",
        "score": "4.5",
        "rate": "更新至08集",
        "tag": ["最新", "1080P", "2023", "偶像", "爱情"],
        "info": {
            "auth": "晓文",
            "roles": ["金东旭", "秦基周", "徐智慧", "李知贤", "郑嘉熙"],
            "blurb": "开往市中心的一节电车突然驶向未来世界，偶然乘坐同一辆电车的互不相识的乘客们突然被卷入前所未闻的事件中，在信号不通而且没有水和食物的极限状况下努力生活，想要回到原来的世界。山田裕贵饰演男主角人气发型师萱岛直哉。赤楚卫二饰演的是与主人公同乘一辆电车的白浜优斗，是一名正直热血、有男子气概的年轻消防员。"
        },
        "lines": {
            "0": {
                "1": "movie-01.mp4",
                "2": "movie-01.mp4",
                "3": "movie-01.mp4",
                "4": "movie-01.mp4"
            },
            "1": {
                "1": "movie-01.mp4",
                "2": "movie-01.mp4",
                "3": "movie-01.mp4",
                "4": "movie-01.mp4",
                "5": "movie-01.mp4",
                "6": "movie-01.mp4",
                "7": "movie-01.mp4",
                "8": "movie-01.mp4",
                "9": "movie-01.mp4",
                "10": "movie-01.mp4"
            },
            "2": { "1": "movie-01.mp4", "2": "movie-01.mp4", "3": "movie-01.mp4" },
            "3": {
                "1": "movie-01.mp4",
                "2": "movie-01.mp4",
                "3": "movie-01.mp4",
                "4": "movie-01.mp4",
                "5": "movie-01.mp4",
                "6": "movie-01.mp4",
                "7": "movie-01.mp4"
            }
        }
    },
    {
        "id": "26",
        "lateral": true,
        "image": "lateral-04.jpg",
        "name": "热辣奇多的诞生",
        "score": "1.2",
        "rate": "更新至08集",
        "tag": ["最新", "1080P", "2023", "偶像", "爱情"],
        "info": {
            "auth": "晓文",
            "roles": ["金东旭", "秦基周", "徐智慧", "李知贤", "郑嘉熙"],
            "blurb": "开往市中心的一节电车突然驶向未来世界，偶然乘坐同一辆电车的互不相识的乘客们突然被卷入前所未闻的事件中，在信号不通而且没有水和食物的极限状况下努力生活，想要回到原来的世界。山田裕贵饰演男主角人气发型师萱岛直哉。赤楚卫二饰演的是与主人公同乘一辆电车的白浜优斗，是一名正直热血、有男子气概的年轻消防员。"
        },
        "lines": {
            "0": {
                "1": "movie-01.mp4",
                "2": "movie-01.mp4",
                "3": "movie-01.mp4",
                "4": "movie-01.mp4"
            },
            "1": {
                "1": "movie-01.mp4",
                "2": "movie-01.mp4",
                "3": "movie-01.mp4",
                "4": "movie-01.mp4",
                "5": "movie-01.mp4",
                "6": "movie-01.mp4",
                "7": "movie-01.mp4",
                "8": "movie-01.mp4",
                "9": "movie-01.mp4",
                "10": "movie-01.mp4"
            },
            "2": { "1": "movie-01.mp4", "2": "movie-01.mp4", "3": "movie-01.mp4" },
            "3": {
                "1": "movie-01.mp4",
                "2": "movie-01.mp4",
                "3": "movie-01.mp4",
                "4": "movie-01.mp4",
                "5": "movie-01.mp4",
                "6": "movie-01.mp4",
                "7": "movie-01.mp4"
            }
        }
    },
    {
        "id": "27",
        "lateral": true,
        "image": "lateral-02.jpg",
        "name": "PendingTrain8点23分明天和你",
        "score": "4.5",
        "rate": "更新至08集",
        "tag": ["最新", "1080P", "2023", "偶像", "爱情"],
        "info": {
            "auth": "晓文",
            "roles": ["金东旭", "秦基周", "徐智慧", "李知贤", "郑嘉熙"],
            "blurb": "开往市中心的一节电车突然驶向未来世界，偶然乘坐同一辆电车的互不相识的乘客们突然被卷入前所未闻的事件中，在信号不通而且没有水和食物的极限状况下努力生活，想要回到原来的世界。山田裕贵饰演男主角人气发型师萱岛直哉。赤楚卫二饰演的是与主人公同乘一辆电车的白浜优斗，是一名正直热血、有男子气概的年轻消防员。"
        },
        "lines": {
            "0": {
                "1": "movie-01.mp4",
                "2": "movie-01.mp4",
                "3": "movie-01.mp4",
                "4": "movie-01.mp4"
            },
            "1": {
                "1": "movie-01.mp4",
                "2": "movie-01.mp4",
                "3": "movie-01.mp4",
                "4": "movie-01.mp4",
                "5": "movie-01.mp4",
                "6": "movie-01.mp4",
                "7": "movie-01.mp4",
                "8": "movie-01.mp4",
                "9": "movie-01.mp4",
                "10": "movie-01.mp4"
            },
            "2": { "1": "movie-01.mp4", "2": "movie-01.mp4", "3": "movie-01.mp4" },
            "3": {
                "1": "movie-01.mp4",
                "2": "movie-01.mp4",
                "3": "movie-01.mp4",
                "4": "movie-01.mp4",
                "5": "movie-01.mp4",
                "6": "movie-01.mp4",
                "7": "movie-01.mp4"
            }
        }
    },
    {
        "id": "28",
        "lateral": true,
        "image": "lateral-03.jpg",
        "name": "热辣奇多的诞生",
        "score": "1.2",
        "rate": "更新至08集",
        "tag": ["最新", "1080P", "2023", "偶像", "爱情"],
        "info": {
            "auth": "晓文",
            "roles": ["金东旭", "秦基周", "徐智慧", "李知贤", "郑嘉熙"],
            "blurb": "开往市中心的一节电车突然驶向未来世界，偶然乘坐同一辆电车的互不相识的乘客们突然被卷入前所未闻的事件中，在信号不通而且没有水和食物的极限状况下努力生活，想要回到原来的世界。山田裕贵饰演男主角人气发型师萱岛直哉。赤楚卫二饰演的是与主人公同乘一辆电车的白浜优斗，是一名正直热血、有男子气概的年轻消防员。"
        },
        "lines": {
            "0": {
                "1": "movie-01.mp4",
                "2": "movie-01.mp4",
                "3": "movie-01.mp4",
                "4": "movie-01.mp4"
            },
            "1": {
                "1": "movie-01.mp4",
                "2": "movie-01.mp4",
                "3": "movie-01.mp4",
                "4": "movie-01.mp4",
                "5": "movie-01.mp4",
                "6": "movie-01.mp4",
                "7": "movie-01.mp4",
                "8": "movie-01.mp4",
                "9": "movie-01.mp4",
                "10": "movie-01.mp4"
            },
            "2": { "1": "movie-01.mp4", "2": "movie-01.mp4", "3": "movie-01.mp4" },
            "3": {
                "1": "movie-01.mp4",
                "2": "movie-01.mp4",
                "3": "movie-01.mp4",
                "4": "movie-01.mp4",
                "5": "movie-01.mp4",
                "6": "movie-01.mp4",
                "7": "movie-01.mp4"
            }
        }
    },
    {
        "id": "29",
        "lateral": true,
        "image": "lateral-03.jpg",
        "name": "PendingTrain8点23分明天和你",
        "score": "4.5",
        "rate": "更新至08集",
        "tag": ["最新", "1080P", "2023", "偶像", "爱情"],
        "info": {
            "auth": "晓文",
            "roles": ["金东旭", "秦基周", "徐智慧", "李知贤", "郑嘉熙"],
            "blurb": "开往市中心的一节电车突然驶向未来世界，偶然乘坐同一辆电车的互不相识的乘客们突然被卷入前所未闻的事件中，在信号不通而且没有水和食物的极限状况下努力生活，想要回到原来的世界。山田裕贵饰演男主角人气发型师萱岛直哉。赤楚卫二饰演的是与主人公同乘一辆电车的白浜优斗，是一名正直热血、有男子气概的年轻消防员。"
        },
        "lines": {
            "0": {
                "1": "movie-01.mp4",
                "2": "movie-01.mp4",
                "3": "movie-01.mp4",
                "4": "movie-01.mp4"
            },
            "1": {
                "1": "movie-01.mp4",
                "2": "movie-01.mp4",
                "3": "movie-01.mp4",
                "4": "movie-01.mp4",
                "5": "movie-01.mp4",
                "6": "movie-01.mp4",
                "7": "movie-01.mp4",
                "8": "movie-01.mp4",
                "9": "movie-01.mp4",
                "10": "movie-01.mp4"
            },
            "2": { "1": "movie-01.mp4", "2": "movie-01.mp4", "3": "movie-01.mp4" },
            "3": {
                "1": "movie-01.mp4",
                "2": "movie-01.mp4",
                "3": "movie-01.mp4",
                "4": "movie-01.mp4",
                "5": "movie-01.mp4",
                "6": "movie-01.mp4",
                "7": "movie-01.mp4"
            }
        }
    },
    {
        "id": "30",
        "lateral": true,
        "image": "lateral-02.jpg",
        "name": "热辣奇多的诞生",
        "score": "1.2",
        "rate": "更新至08集",
        "tag": ["最新", "1080P", "2023", "偶像", "爱情"],
        "info": {
            "auth": "晓文",
            "roles": ["金东旭", "秦基周", "徐智慧", "李知贤", "郑嘉熙"],
            "blurb": "开往市中心的一节电车突然驶向未来世界，偶然乘坐同一辆电车的互不相识的乘客们突然被卷入前所未闻的事件中，在信号不通而且没有水和食物的极限状况下努力生活，想要回到原来的世界。山田裕贵饰演男主角人气发型师萱岛直哉。赤楚卫二饰演的是与主人公同乘一辆电车的白浜优斗，是一名正直热血、有男子气概的年轻消防员。"
        },
        "lines": {
            "0": {
                "1": "movie-01.mp4",
                "2": "movie-01.mp4",
                "3": "movie-01.mp4",
                "4": "movie-01.mp4"
            },
            "1": {
                "1": "movie-01.mp4",
                "2": "movie-01.mp4",
                "3": "movie-01.mp4",
                "4": "movie-01.mp4",
                "5": "movie-01.mp4",
                "6": "movie-01.mp4",
                "7": "movie-01.mp4",
                "8": "movie-01.mp4",
                "9": "movie-01.mp4",
                "10": "movie-01.mp4"
            },
            "2": { "1": "movie-01.mp4", "2": "movie-01.mp4", "3": "movie-01.mp4" },
            "3": {
                "1": "movie-01.mp4",
                "2": "movie-01.mp4",
                "3": "movie-01.mp4",
                "4": "movie-01.mp4",
                "5": "movie-01.mp4",
                "6": "movie-01.mp4",
                "7": "movie-01.mp4"
            }
        }
    }
]
